metric,overall_score,refusal,prevention,redirection,irr_res,harmful_prompt,useless_aff
AutoDAN_eval,0.0021008403361344537,0.2605042016806723,0.3403361344537815,0.02100840336134454,0.3319327731092437,0.3697478991596639,0.35294117647058826
GCG_eval,0.008403361344537815,0.49159663865546216,0.29831932773109243,0.05042016806722689,0.39285714285714285,0.4117647058823529,0.4117647058823529
