overall_score,refusal,prevention,redirection,irr_res,harmful_prompt,useless_aff
0.0021008403361344537,0.2605042016806723,0.3403361344537815,0.02100840336134454,0.3319327731092437,0.3697478991596639,0.35294117647058826
